insert into DEGREE_CURRICULAR_PLAN values (7, 'LEQ-OLD', 1, 3, '0000-00-00', '0000-00-00', 5, 3, 20, 0, 0, null, null);

insert into BRANCH values (7, '', '', 7);

INSERT INTO CURRICULAR_COURSE (ID_INTERNAL, KEY_DEPARTMENT_COURSE, KEY_DEGREE_CURRICULAR_PLAN, CREDITS, THEORETICAL_HOURS, PRATICAL_HOURS, THEO_PRAT_HOURS, LAB_HOURS, NAME, CODE, TYPE, EXECUTION_SCOPE, MANDATORY, KEY_UNIVERSITY, BASIC) VALUES("463", NULL, "7", NULL, "3", "2", "0", "0", "QUÍMICA DAS SOLUÇÕES AQUOSAS OLD", "AGWOLD", "1", "1", "0", NULL, NULL);
INSERT INTO CURRICULAR_COURSE (ID_INTERNAL, KEY_DEPARTMENT_COURSE, KEY_DEGREE_CURRICULAR_PLAN, CREDITS, THEORETICAL_HOURS, PRATICAL_HOURS, THEO_PRAT_HOURS, LAB_HOURS, NAME, CODE, TYPE, EXECUTION_SCOPE, MANDATORY, KEY_UNIVERSITY, BASIC) VALUES("464", NULL, "7", NULL, "3", "0", "0", "2", "ANÁLISE MATEMÁTICA II OLD", "P5OLD", "1", "1", "1", NULL, NULL);
INSERT INTO CURRICULAR_COURSE (ID_INTERNAL, KEY_DEPARTMENT_COURSE, KEY_DEGREE_CURRICULAR_PLAN, CREDITS, THEORETICAL_HOURS, PRATICAL_HOURS, THEO_PRAT_HOURS, LAB_HOURS, NAME, CODE, TYPE, EXECUTION_SCOPE, MANDATORY, KEY_UNIVERSITY, BASIC) VALUES("465", NULL, "7", NULL, "3", "2", "0", "0", "MECÂNICA E ONDAS OLD", "AZHOLD", "1", "1", "0", NULL, NULL);
INSERT INTO CURRICULAR_COURSE (ID_INTERNAL, KEY_DEPARTMENT_COURSE, KEY_DEGREE_CURRICULAR_PLAN, CREDITS, THEORETICAL_HOURS, PRATICAL_HOURS, THEO_PRAT_HOURS, LAB_HOURS, NAME, CODE, TYPE, EXECUTION_SCOPE, MANDATORY, KEY_UNIVERSITY, BASIC) VALUES("466", NULL, "7", NULL, "3", "0", "0", "2", "QUÍMICA ORGÂNICA I OLD", "HUOLD", "1", "1", "0", NULL, NULL);
INSERT INTO CURRICULAR_COURSE (ID_INTERNAL, KEY_DEPARTMENT_COURSE, KEY_DEGREE_CURRICULAR_PLAN, CREDITS, THEORETICAL_HOURS, PRATICAL_HOURS, THEO_PRAT_HOURS, LAB_HOURS, NAME, CODE, TYPE, EXECUTION_SCOPE, MANDATORY, KEY_UNIVERSITY, BASIC) VALUES("467", NULL, "7", NULL, "3", "2", "0", "0", "LABORATÓRIO DE QUÍMICA GERAL I OLD", "AGUOLD", "6", "1", "0", NULL, NULL);
INSERT INTO CURRICULAR_COURSE (ID_INTERNAL, KEY_DEPARTMENT_COURSE, KEY_DEGREE_CURRICULAR_PLAN, CREDITS, THEORETICAL_HOURS, PRATICAL_HOURS, THEO_PRAT_HOURS, LAB_HOURS, NAME, CODE, TYPE, EXECUTION_SCOPE, MANDATORY, KEY_UNIVERSITY, BASIC) VALUES("468", NULL, "7", NULL, "3", "2", "0", "0", "INTRODUÇÃO À LIGAÇÃO QUÍMICA OLD", "GUOLD", "1", "1", "0", NULL, NULL);
INSERT INTO CURRICULAR_COURSE (ID_INTERNAL, KEY_DEPARTMENT_COURSE, KEY_DEGREE_CURRICULAR_PLAN, CREDITS, THEORETICAL_HOURS, PRATICAL_HOURS, THEO_PRAT_HOURS, LAB_HOURS, NAME, CODE, TYPE, EXECUTION_SCOPE, MANDATORY, KEY_UNIVERSITY, BASIC) VALUES("469", NULL, "7", NULL, "3", "0", "0", "2", "COMPUTAÇÃO E PROGRAMAÇÃO OLD", "AZ9OLD", "1", "1", "0", NULL, NULL);
INSERT INTO CURRICULAR_COURSE (ID_INTERNAL, KEY_DEPARTMENT_COURSE, KEY_DEGREE_CURRICULAR_PLAN, CREDITS, THEORETICAL_HOURS, PRATICAL_HOURS, THEO_PRAT_HOURS, LAB_HOURS, NAME, CODE, TYPE, EXECUTION_SCOPE, MANDATORY, KEY_UNIVERSITY, BASIC) VALUES("470", NULL, "7", NULL, "3", "2", "0", "0", "ÁLGEBRA LINEAR OLD", "QNOLD", "1", "1", "1", NULL, NULL);
INSERT INTO CURRICULAR_COURSE (ID_INTERNAL, KEY_DEPARTMENT_COURSE, KEY_DEGREE_CURRICULAR_PLAN, CREDITS, THEORETICAL_HOURS, PRATICAL_HOURS, THEO_PRAT_HOURS, LAB_HOURS, NAME, CODE, TYPE, EXECUTION_SCOPE, MANDATORY, KEY_UNIVERSITY, BASIC) VALUES("471", NULL, "7", NULL, "3", "2", "0", "0", "ANÁLISE MATEMÁTICA I OLD", "PYOLD", "1", "1", "1", NULL, NULL);
INSERT INTO CURRICULAR_COURSE (ID_INTERNAL, KEY_DEPARTMENT_COURSE, KEY_DEGREE_CURRICULAR_PLAN, CREDITS, THEORETICAL_HOURS, PRATICAL_HOURS, THEO_PRAT_HOURS, LAB_HOURS, NAME, CODE, TYPE, EXECUTION_SCOPE, MANDATORY, KEY_UNIVERSITY, BASIC) VALUES("472", NULL, "7", NULL, "3", "2", "0", "0", "INTRODUÇÃO À QUÍMICA-FÍSICA OLD", "D3OLD", "1", "1", "0", NULL, NULL);

INSERT INTO CURRICULAR_COURSE_SCOPE (ID_INTERNAL, KEY_CURRICULAR_SEMESTER, KEY_CURRICULAR_COURSE, KEY_BRANCH, THEORETICAL_HOURS, PRATICAL_HOURS, THEO_PRAT_HOURS, LAB_HOURS, MAX_INCREMENT_NAC, MIN_INCREMENT_NAC, WEIGTH, CREDITS) VALUES("547", "1", "463", "7", NULL, NULL, NULL, NULL, "2", "1", "1", NULL);
INSERT INTO CURRICULAR_COURSE_SCOPE (ID_INTERNAL, KEY_CURRICULAR_SEMESTER, KEY_CURRICULAR_COURSE, KEY_BRANCH, THEORETICAL_HOURS, PRATICAL_HOURS, THEO_PRAT_HOURS, LAB_HOURS, MAX_INCREMENT_NAC, MIN_INCREMENT_NAC, WEIGTH, CREDITS) VALUES("548", "1", "464", "7", NULL, NULL, NULL, NULL, "2", "1", "1", NULL);
INSERT INTO CURRICULAR_COURSE_SCOPE (ID_INTERNAL, KEY_CURRICULAR_SEMESTER, KEY_CURRICULAR_COURSE, KEY_BRANCH, THEORETICAL_HOURS, PRATICAL_HOURS, THEO_PRAT_HOURS, LAB_HOURS, MAX_INCREMENT_NAC, MIN_INCREMENT_NAC, WEIGTH, CREDITS) VALUES("549", "1", "465", "7", NULL, NULL, NULL, NULL, "2", "1", "1", NULL);
INSERT INTO CURRICULAR_COURSE_SCOPE (ID_INTERNAL, KEY_CURRICULAR_SEMESTER, KEY_CURRICULAR_COURSE, KEY_BRANCH, THEORETICAL_HOURS, PRATICAL_HOURS, THEO_PRAT_HOURS, LAB_HOURS, MAX_INCREMENT_NAC, MIN_INCREMENT_NAC, WEIGTH, CREDITS) VALUES("550", "1", "466", "7", NULL, NULL, NULL, NULL, "0", "0", "0", NULL);
INSERT INTO CURRICULAR_COURSE_SCOPE (ID_INTERNAL, KEY_CURRICULAR_SEMESTER, KEY_CURRICULAR_COURSE, KEY_BRANCH, THEORETICAL_HOURS, PRATICAL_HOURS, THEO_PRAT_HOURS, LAB_HOURS, MAX_INCREMENT_NAC, MIN_INCREMENT_NAC, WEIGTH, CREDITS) VALUES("551", "1", "467", "7", NULL, NULL, NULL, NULL, "2", "1", "1", NULL);
INSERT INTO CURRICULAR_COURSE_SCOPE (ID_INTERNAL, KEY_CURRICULAR_SEMESTER, KEY_CURRICULAR_COURSE, KEY_BRANCH, THEORETICAL_HOURS, PRATICAL_HOURS, THEO_PRAT_HOURS, LAB_HOURS, MAX_INCREMENT_NAC, MIN_INCREMENT_NAC, WEIGTH, CREDITS) VALUES("552", "1", "468", "7", NULL, NULL, NULL, NULL, "2", "1", "1", NULL);
INSERT INTO CURRICULAR_COURSE_SCOPE (ID_INTERNAL, KEY_CURRICULAR_SEMESTER, KEY_CURRICULAR_COURSE, KEY_BRANCH, THEORETICAL_HOURS, PRATICAL_HOURS, THEO_PRAT_HOURS, LAB_HOURS, MAX_INCREMENT_NAC, MIN_INCREMENT_NAC, WEIGTH, CREDITS) VALUES("553", "1", "469", "7", NULL, NULL, NULL, NULL, "2", "1", "1", NULL);
INSERT INTO CURRICULAR_COURSE_SCOPE (ID_INTERNAL, KEY_CURRICULAR_SEMESTER, KEY_CURRICULAR_COURSE, KEY_BRANCH, THEORETICAL_HOURS, PRATICAL_HOURS, THEO_PRAT_HOURS, LAB_HOURS, MAX_INCREMENT_NAC, MIN_INCREMENT_NAC, WEIGTH, CREDITS) VALUES("554", "2", "470", "7", NULL, NULL, NULL, NULL, "2", "1", "1", NULL);
INSERT INTO CURRICULAR_COURSE_SCOPE (ID_INTERNAL, KEY_CURRICULAR_SEMESTER, KEY_CURRICULAR_COURSE, KEY_BRANCH, THEORETICAL_HOURS, PRATICAL_HOURS, THEO_PRAT_HOURS, LAB_HOURS, MAX_INCREMENT_NAC, MIN_INCREMENT_NAC, WEIGTH, CREDITS) VALUES("555", "1", "471", "7", NULL, NULL, NULL, NULL, "2", "1", "1", NULL);
INSERT INTO CURRICULAR_COURSE_SCOPE (ID_INTERNAL, KEY_CURRICULAR_SEMESTER, KEY_CURRICULAR_COURSE, KEY_BRANCH, THEORETICAL_HOURS, PRATICAL_HOURS, THEO_PRAT_HOURS, LAB_HOURS, MAX_INCREMENT_NAC, MIN_INCREMENT_NAC, WEIGTH, CREDITS) VALUES("556", "1", "472", "7", NULL, NULL, NULL, NULL, "2", "1", "1", NULL);

insert into STUDENT_CURRICULAR_PLAN values (2, 6, 7, 3, '0000-00-00', 1, 1, 0);

INSERT INTO enrolment (ID_INTERNAL, KEY_STUDENT_CURRICULAR_PLAN, KEY_CURRICULAR_COURSE_SCOPE, KEY_EXECUTION_PERIOD, STATE, CLASS_NAME, KEY_CURRICULAR_COURSE_FOR_OPTION, EVALUATION_TYPE) VALUES("25", "2", "547", "1", "1", "Dominio.Enrolment", NULL, "1");
INSERT INTO enrolment (ID_INTERNAL, KEY_STUDENT_CURRICULAR_PLAN, KEY_CURRICULAR_COURSE_SCOPE, KEY_EXECUTION_PERIOD, STATE, CLASS_NAME, KEY_CURRICULAR_COURSE_FOR_OPTION, EVALUATION_TYPE) VALUES("26", "2", "548", "1", "1", "Dominio.Enrolment", NULL, "1");
INSERT INTO enrolment (ID_INTERNAL, KEY_STUDENT_CURRICULAR_PLAN, KEY_CURRICULAR_COURSE_SCOPE, KEY_EXECUTION_PERIOD, STATE, CLASS_NAME, KEY_CURRICULAR_COURSE_FOR_OPTION, EVALUATION_TYPE) VALUES("27", "2", "549", "1", "1", "Dominio.Enrolment", NULL, "1");
INSERT INTO enrolment (ID_INTERNAL, KEY_STUDENT_CURRICULAR_PLAN, KEY_CURRICULAR_COURSE_SCOPE, KEY_EXECUTION_PERIOD, STATE, CLASS_NAME, KEY_CURRICULAR_COURSE_FOR_OPTION, EVALUATION_TYPE) VALUES("28", "2", "550", "1", "1", "Dominio.Enrolment", NULL, "1");
INSERT INTO enrolment (ID_INTERNAL, KEY_STUDENT_CURRICULAR_PLAN, KEY_CURRICULAR_COURSE_SCOPE, KEY_EXECUTION_PERIOD, STATE, CLASS_NAME, KEY_CURRICULAR_COURSE_FOR_OPTION, EVALUATION_TYPE) VALUES("29", "2", "552", "1", "1", "Dominio.Enrolment", NULL, "1");
INSERT INTO enrolment (ID_INTERNAL, KEY_STUDENT_CURRICULAR_PLAN, KEY_CURRICULAR_COURSE_SCOPE, KEY_EXECUTION_PERIOD, STATE, CLASS_NAME, KEY_CURRICULAR_COURSE_FOR_OPTION, EVALUATION_TYPE) VALUES("30", "2", "553", "1", "1", "Dominio.Enrolment", NULL, "1");
INSERT INTO enrolment (ID_INTERNAL, KEY_STUDENT_CURRICULAR_PLAN, KEY_CURRICULAR_COURSE_SCOPE, KEY_EXECUTION_PERIOD, STATE, CLASS_NAME, KEY_CURRICULAR_COURSE_FOR_OPTION, EVALUATION_TYPE) VALUES("31", "2", "554", "1", "1", "Dominio.Enrolment", NULL, "1");
INSERT INTO enrolment (ID_INTERNAL, KEY_STUDENT_CURRICULAR_PLAN, KEY_CURRICULAR_COURSE_SCOPE, KEY_EXECUTION_PERIOD, STATE, CLASS_NAME, KEY_CURRICULAR_COURSE_FOR_OPTION, EVALUATION_TYPE) VALUES("32", "2", "555", "1", "1", "Dominio.Enrolment", NULL, "1");
INSERT INTO enrolment (ID_INTERNAL, KEY_STUDENT_CURRICULAR_PLAN, KEY_CURRICULAR_COURSE_SCOPE, KEY_EXECUTION_PERIOD, STATE, CLASS_NAME, KEY_CURRICULAR_COURSE_FOR_OPTION, EVALUATION_TYPE) VALUES("33", "2", "556", "1", "1", "Dominio.Enrolment", NULL, "1");

INSERT INTO ENROLMENT_EVALUATION VALUES (11, '15', 1, '2003-02-12', '2003-03-20', 1, 1, 25, null, null, null, null);
INSERT INTO ENROLMENT_EVALUATION VALUES (12, '18', 1, '2003-02-13', '2003-03-20', 1, 1, 26, null, null, null, null);
INSERT INTO ENROLMENT_EVALUATION VALUES (13, '14', 1, '2003-02-12', '2003-03-20', 1, 1, 27, null, null, null, null);
INSERT INTO ENROLMENT_EVALUATION VALUES (14, '12', 1, '2003-02-12', '2003-03-20', 1, 1, 28, null, null, null, null);
INSERT INTO ENROLMENT_EVALUATION VALUES (15, '15', 1, '2003-02-12', '2003-03-20', 1, 1, 29, null, null, null, null);
INSERT INTO ENROLMENT_EVALUATION VALUES (16, '18', 1, '2003-02-13', '2003-03-20', 1, 1, 30, null, null, null, null);
INSERT INTO ENROLMENT_EVALUATION VALUES (17, '14', 1, '2003-02-12', '2003-03-20', 1, 1, 31, null, null, null, null);
INSERT INTO ENROLMENT_EVALUATION VALUES (18, '14', 1, '2003-02-12', '2003-03-20', 1, 1, 32, null, null, null, null);
INSERT INTO ENROLMENT_EVALUATION VALUES (19, '14', 1, '2003-02-12', '2003-03-20', 1, 1, 33, null, null, null, null);

INSERT INTO EXECUTION_COURSE (ID_INTERNAL, NAME, CODE, THEORETICAL_HOURS, PRATICAL_HOURS, THEO_PRAT_HOURS, LAB_HOURS, SEMESTER, KEY_EXECUTION_PERIOD, COMMENT) VALUES("463", "QUÍMICA DAS SOLUÇÕES AQUOSAS OLD", "AGWOLD", "3", "2", "0", "0", "2", "5", NULL);
INSERT INTO EXECUTION_COURSE (ID_INTERNAL, NAME, CODE, THEORETICAL_HOURS, PRATICAL_HOURS, THEO_PRAT_HOURS, LAB_HOURS, SEMESTER, KEY_EXECUTION_PERIOD, COMMENT) VALUES("464", "ANÁLISE MATEMÁTICA II OLD", "P5OLD", "3", "0", "0", "2", "2", "5", NULL);
INSERT INTO EXECUTION_COURSE (ID_INTERNAL, NAME, CODE, THEORETICAL_HOURS, PRATICAL_HOURS, THEO_PRAT_HOURS, LAB_HOURS, SEMESTER, KEY_EXECUTION_PERIOD, COMMENT) VALUES("465", "MECÂNICA E ONDAS OLD", "AZHOLD", "3", "2", "0", "0", "2", "5", NULL);
INSERT INTO EXECUTION_COURSE (ID_INTERNAL, NAME, CODE, THEORETICAL_HOURS, PRATICAL_HOURS, THEO_PRAT_HOURS, LAB_HOURS, SEMESTER, KEY_EXECUTION_PERIOD, COMMENT) VALUES("466", "QUÍMICA ORGÂNICA I OLD", "HUOLD", "3", "0", "0", "2", "2", "5", NULL);
INSERT INTO EXECUTION_COURSE (ID_INTERNAL, NAME, CODE, THEORETICAL_HOURS, PRATICAL_HOURS, THEO_PRAT_HOURS, LAB_HOURS, SEMESTER, KEY_EXECUTION_PERIOD, COMMENT) VALUES("467", "LABORATÓRIO DE QUÍMICA GERAL I OLD", "AGUOLD", "3", "2", "0", "0", "2", "5", NULL);
INSERT INTO EXECUTION_COURSE (ID_INTERNAL, NAME, CODE, THEORETICAL_HOURS, PRATICAL_HOURS, THEO_PRAT_HOURS, LAB_HOURS, SEMESTER, KEY_EXECUTION_PERIOD, COMMENT) VALUES("468", "INTRODUÇÃO À LIGAÇÃO QUÍMICA OLD", "GUOLD", "3", "2", "0", "0", "2", "5", NULL);
INSERT INTO EXECUTION_COURSE (ID_INTERNAL, NAME, CODE, THEORETICAL_HOURS, PRATICAL_HOURS, THEO_PRAT_HOURS, LAB_HOURS, SEMESTER, KEY_EXECUTION_PERIOD, COMMENT) VALUES("469", "COMPUTAÇÃO E PROGRAMAÇÃO OLD", "AZ9OLD", "3", "0", "0", "2", "2", "5", NULL);
INSERT INTO EXECUTION_COURSE (ID_INTERNAL, NAME, CODE, THEORETICAL_HOURS, PRATICAL_HOURS, THEO_PRAT_HOURS, LAB_HOURS, SEMESTER, KEY_EXECUTION_PERIOD, COMMENT) VALUES("470", "ÁLGEBRA LINEAR OLD", "QNOLD", "3", "2", "0", "0", "2", "5", NULL);
INSERT INTO EXECUTION_COURSE (ID_INTERNAL, NAME, CODE, THEORETICAL_HOURS, PRATICAL_HOURS, THEO_PRAT_HOURS, LAB_HOURS, SEMESTER, KEY_EXECUTION_PERIOD, COMMENT) VALUES("471", "ANÁLISE MATEMÁTICA I OLD", "PYOLD", "3", "2", "0", "0", "2", "5", NULL);
INSERT INTO EXECUTION_COURSE (ID_INTERNAL, NAME, CODE, THEORETICAL_HOURS, PRATICAL_HOURS, THEO_PRAT_HOURS, LAB_HOURS, SEMESTER, KEY_EXECUTION_PERIOD, COMMENT) VALUES("472", "INTRODUÇÃO À QUÍMICA-FÍSICA OLD", "D3OLD", "3", "2", "0", "0", "2", "5", NULL);

INSERT INTO CURRICULAR_COURSE_EXECUTION_COURSE (INTERNAL_CODE, KEY_CURRICULAR_COURSE, KEY_EXECUTION_COURSE) VALUES("505", "463", "463");
INSERT INTO CURRICULAR_COURSE_EXECUTION_COURSE (INTERNAL_CODE, KEY_CURRICULAR_COURSE, KEY_EXECUTION_COURSE) VALUES("506", "464", "464");
INSERT INTO CURRICULAR_COURSE_EXECUTION_COURSE (INTERNAL_CODE, KEY_CURRICULAR_COURSE, KEY_EXECUTION_COURSE) VALUES("507", "465", "465");
INSERT INTO CURRICULAR_COURSE_EXECUTION_COURSE (INTERNAL_CODE, KEY_CURRICULAR_COURSE, KEY_EXECUTION_COURSE) VALUES("508", "466", "466");
INSERT INTO CURRICULAR_COURSE_EXECUTION_COURSE (INTERNAL_CODE, KEY_CURRICULAR_COURSE, KEY_EXECUTION_COURSE) VALUES("509", "467", "467");
INSERT INTO CURRICULAR_COURSE_EXECUTION_COURSE (INTERNAL_CODE, KEY_CURRICULAR_COURSE, KEY_EXECUTION_COURSE) VALUES("510", "468", "468");
INSERT INTO CURRICULAR_COURSE_EXECUTION_COURSE (INTERNAL_CODE, KEY_CURRICULAR_COURSE, KEY_EXECUTION_COURSE) VALUES("511", "469", "469");
INSERT INTO CURRICULAR_COURSE_EXECUTION_COURSE (INTERNAL_CODE, KEY_CURRICULAR_COURSE, KEY_EXECUTION_COURSE) VALUES("512", "470", "470");
INSERT INTO CURRICULAR_COURSE_EXECUTION_COURSE (INTERNAL_CODE, KEY_CURRICULAR_COURSE, KEY_EXECUTION_COURSE) VALUES("513", "471", "471");
INSERT INTO CURRICULAR_COURSE_EXECUTION_COURSE (INTERNAL_CODE, KEY_CURRICULAR_COURSE, KEY_EXECUTION_COURSE) VALUES("514", "472", "472");

DELETE FROM PERSON_ROLE WHERE ID_INTERNAL = 25;
DELETE FROM PERSON_ROLE WHERE ID_INTERNAL = 19;

